url,old_title,new_title
https://nmgtechnologies.com/,,Nmgtechnologies.Com
https://nmgtechnologies.com/industry/fintech,,Fintech Overview
https://nmgtechnologies.com/industry/travel,,Travel Overview
https://nmgtechnologies.com/industry/marketresearch,,Marketresearch
https://nmgtechnologies.com/industry/healthcare,,Healthcare Overview
https://nmgtechnologies.com/industry/staffing,,Staffing Overview
https://nmgtechnologies.com/success-stories,,Success Stories
https://nmgtechnologies.com/success-stories/competiscan,,Competiscan
https://nmgtechnologies.com/clients/case-studies/,,Case Studies
https://nmgtechnologies.com/success-stories/compound-banc,,Compound Banc
https://nmgtechnologies.com/success-stories/international-insurance,,International Insurance
https://nmgtechnologies.com/success-stories/wealth-concert,,Wealth Concert
https://nmgtechnologies.com/solution/portals/,,Portals Overview
https://nmgtechnologies.com/company/about-us,,About Us Overview
https://nmgtechnologies.com/resources/library/,,Library Overview
https://nmgtechnologies.com/blog/nmg-technologies-to-participate-in-mobile-word-capital-barcelona-the-worlds-largest-and-most-influential-connectivity-event,,Nmg Technologies To Participate In Mobile Word Capital Ba...
https://nmgtechnologies.com/solution/fintech/,,Fintech Overview
https://nmgtechnologies.com/ai-driven-enterprise-software-development,,Ai Driven Enterprise Software Development
https://nmgtechnologies.com/solution/artificial-intelligence/,,Artificial Intelligence
https://nmgtechnologies.com/solution/cloud-apps/,,Cloud Apps Overview
